{
    "faces": [41,0,1,2,3,0,1,2,3,0,1,2,3,41,4,7,6,5,4,5,6,7,4,5,6,7,41,0,4,5,1,8,9,10,11,0,4,7,1,41,1,5,6,2,12,13,14,15,1,7,6,2,41,2,6,7,3,16,17,18,19,2,6,5,3,41,4,0,3,7,20,21,22,23,4,0,3,5],
    "normals": [0.577349,-0.577349,-0.577349,0.577349,-0.577349,0.577349,-0.577349,-0.577349,0.577349,-0.577349,-0.577349,-0.577349,0.577349,0.577349,-0.577349,-0.577349,0.577349,-0.577349,-0.577349,0.577349,0.577349,0.577349,0.577349,0.577349],
    "metadata": {
        "faces": 6,
        "normals": 8,
        "type": "Geometry",
        "generator": "io_three",
        "version": 3,
        "uvs": 1,
        "vertices": 8
    },
    "name": "CubeGeometry.5",
    "uvs": [[0,0.666667,0.208333,0.666667,0.208333,1,0,1,0.416667,0.333333,0.416667,0.666667,0.208333,0.666667,0.208333,0.333333,0.416667,0.333333,0.208333,0.333333,0.208333,0,0.416667,0,0,0.333333,0,0,0.208333,0,0.208333,0.333333,0.625,0.333333,0.416667,0.333333,0.416667,0,0.625,0,0,0.333333,0.208333,0.333333,0.208333,0.666667,0,0.666667]],
    "vertices": [20.7778,-20.7778,-20.7778,20.7778,-20.7778,20.7778,-20.7778,-20.7778,20.7778,-20.7778,-20.7778,-20.7778,20.7778,20.7778,-20.7778,20.7778,20.7778,20.7778,-20.7778,20.7778,20.7778,-20.7778,20.7778,-20.7778]
}